調査地点略称,水深,採水月日,採水時刻,天候,"気温 （℃）","全水深 （ｍ）",特記事項,"水温 (℃)"
今津沖中央（17B）,0.5m,2013/01/07,11:24,曇,8.8,89.0,,8.7
今津沖中央（17B）,0.5m,2013/01/21,11:05,曇,7.0,89.0,,8.0
今津沖中央（17B）,0.5m,2013/02/04,11:40,曇,5.9,89.5,,7.5
今津沖中央（17B）,0.5m,2013/02/18,11:45,雨,6.9,89.4,,7.0
今津沖中央（17B）,0.5m,2013/03/04,11:15,晴,9.8,89.0,,7.0
今津沖中央（17B）,0.5m,2013/03/13,11:25,晴,15.8,89.5,,7.4
今津沖中央（17B）,0.5m,2013/04/08,11:40,晴,14.3,88.9,,7.7
今津沖中央（17B）,0.5m,2013/04/23,11:05,曇,12.8,89.4,,9.1
今津沖中央（17B）,0.5m,2013/05/08,11:15,快晴,15.0,89.2,,10.4
今津沖中央（17B）,0.5m,2013/05/20,11:40,晴,21.3,89.1,,16.3
今津沖中央（17B）,0.5m,2013/06/03,11:30,晴,22.6,88.4,,18.2
今津沖中央（17B）,0.5m,2013/06/17,11:15,晴,24.0,88.9,,22.4
今津沖中央（17B）,0.5m,2013/07/01,11:30,晴,25.0,89.2,,23.4
今津沖中央（17B）,0.5m,2013/07/16,11:45,曇,26.1,88.1,,27.9
今津沖中央（17B）,0.5m,2013/08/05,11:20,晴,28.7,88.5,,28.5
今津沖中央（17B）,0.5m,2013/08/19,11:10,快晴,30.2,88.2,,29.9
今津沖中央（17B）,0.5m,2013/09/02,11:40,雨,26.1,89.2,,27.7
今津沖中央（17B）,0.5m,2013/09/24,12:55,晴,28.0,89.1,,26.1
今津沖中央（17B）,0.5m,2013/10/07,11:25,曇,25.0,88.7,,22.5
今津沖中央（17B）,0.5m,2013/10/21,11:35,晴,23.3,88.2,,20.3
今津沖中央（17B）,0.5m,2013/11/05,11:42,晴,19.8,88.9,,17.7
今津沖中央（17B）,0.5m,2013/11/18,11:10,晴,16.0,88.8,,16.2
今津沖中央（17B）,0.5m,2013/12/02,11:30,晴,12.7,89.3,,13.8
今津沖中央（17B）,0.5m,2013/12/17,11:15,曇,11.5,89.1,,11.5
今津沖中央（17B）,0.5m,2014/01/06,11:30,晴,9.3,88.1,,9.5
今津沖中央（17B）,0.5m,2014/01/20,11:10,晴,6.5,87.9,,8.7
今津沖中央（17B）,0.5m,2014/02/03,11:25,曇,10.0,88.5,,8.6
今津沖中央（17B）,0.5m,2014/02/17,11:30,雨,7.3,89.3,,7.6
今津沖中央（17B）,0.5m,2014/03/04,11:20,晴,8.5,88.9,,7.8
今津沖中央（17B）,0.5m,2014/03/11,11:10,晴,8.9,88.5,,7.5
今津沖中央（17B）,0.5m,2014/04/07,11:30,晴,11.8,88.1,,8.3
今津沖中央（17B）,0.5m,2014/04/21,11:05,曇,12.1,88.4,,9.8
今津沖中央（17B）,0.5m,2014/05/07,11:55,快晴,17.2,89.2,,13.4
今津沖中央（17B）,0.5m,2014/05/19,11:10,晴,21.0,89.2,,16.0
今津沖中央（17B）,0.5m,2014/06/02,11:35,晴,24.5,88.9,,20.8
今津沖中央（17B）,0.5m,2014/06/16,11:45,晴,25.2,88.6,,22.5
今津沖中央（17B）,0.5m,2014/07/07,11:55,雨,25.0,88.9,,24.0
今津沖中央（17B）,0.5m,2014/07/22,11:30,晴,31.8,88.7,,27.8
今津沖中央（17B）,0.5m,2014/08/04,11:30,曇,26.1,88.3,,27.8
今津沖中央（17B）,0.5m,2014/08/18,11:20,晴,29.5,89.0,,26.8
今津沖中央（17B）,0.5m,2014/09/01,11:40,雨,25.1,88.4,,26.3
今津沖中央（17B）,0.5m,2014/09/16,10:00,晴,24.4,87.8,,24.7
今津沖中央（17B）,0.5m,2014/10/08,11:25,快晴,23.6,88.6,,21.7
今津沖中央（17B）,0.5m,2014/10/20,11:10,曇,20.4,89.4,,18.9
今津沖中央（17B）,0.5m,2014/11/04,11:05,快晴,19.0,89.4,,17.2
今津沖中央（17B）,0.5m,2014/11/17,11:15,晴,14.7,89.6,,15.8
今津沖中央（17B）,0.5m,2014/12/03,11:05,晴,10.7,87.8,,14.0
今津沖中央（17B）,0.5m,2014/12/15,11:10,曇,5.9,89.4,,11.7
今津沖中央（17B）,0.5m,2015/01/05,11:20,晴,12.0,89.3,,9.3
今津沖中央（17B）,0.5m,2015/01/20,11:15,晴,7.4,88.9,,8.3
今津沖中央（17B）,0.5m,2015/02/02,11:45,曇,7.0,88.8,,7.7
今津沖中央（17B）,0.5m,2015/02/16,11:25,晴,12.3,89.5,,7.4
今津沖中央（17B）,0.5m,2015/03/02,12:40,晴,10.3,88.3,,7.3
今津沖中央（17B）,0.5m,2015/03/09,11:30,雨,10.8,88.2,,7.6
今津沖中央（17B）,0.5m,2015/04/06,12:15,曇,13.9,90.2,,9.4
今津沖中央（17B）,0.5m,2015/04/22,11:10,晴,18.5,88.5,,11.0
今津沖中央（17B）,0.5m,2015/05/11,11:45,晴,20.0,88.6,,13.6
今津沖中央（17B）,0.5m,2015/05/18,11:10,晴,21.1,88.1,,16.9
今津沖中央（17B）,0.5m,2015/06/01,11:40,晴,25.0,89.0,,17.0
今津沖中央（17B）,0.5m,2015/06/15,11:15,晴,27.7,87.8,,21.2
今津沖中央（17B）,0.5m,2015/07/06,11:50,曇,23.0,88.3,,22.6
今津沖中央（17B）,0.5m,2015/07/21,11:20,曇,29.0,88.6,,25.2
今津沖中央（17B）,0.5m,2015/08/03,11:40,快晴,35.0,87.5,,28.8
今津沖中央（17B）,0.5m,2015/08/17,11:20,曇,27.2,89.2,,28.2
今津沖中央（17B）,0.5m,2015/09/07,12:25,曇,26.0,88.5,化学的酸素要求量(COD)、溶存態化学的酸素要求量(D-COD)は欠測,25.5
今津沖中央（17B）,0.5m,2015/09/15,11:30,晴,26.4,88.0,,24.3
今津沖中央（17B）,0.5m,2015/10/05,11:40,曇,21.8,88.9,,22.3
今津沖中央（17B）,0.5m,2015/10/19,11:20,快晴,22.0,88.2,,20.0
今津沖中央（17B）,0.5m,2015/11/02,11:40,雨,13.5,87.6,,17.6
今津沖中央（17B）,0.5m,2015/11/16,11:35,晴,19.0,88.3,,17.2
今津沖中央（17B）,0.5m,2015/12/07,11:45,快晴,17.8,88.6,,13.7
今津沖中央（17B）,0.5m,2015/12/14,11:10,晴,14.0,88.8,,13.0
今津沖中央（17B）,0.5m,2016/01/04,12:10,曇,10.0,88.6,,11.0
今津沖中央（17B）,0.5m,2016/01/22,11:20,晴,9.0,88.4,,9.5
今津沖中央（17B）,0.5m,2016/02/01,11:50,曇,7.2,89.0,,8.7
今津沖中央（17B）,0.5m,2016/02/16,11:25,晴,9.0,88.2,,8.3
今津沖中央（17B）,0.5m,2016/03/07,11:40,晴,15.3,88.7,,8.8
今津沖中央（17B）,0.5m,2016/03/14,10:40,曇,7.5,88.8,,8.1
今津沖中央（17B）,0.5m,2016/04/04,11:35,曇,15.3,88.4,,10.3
今津沖中央（17B）,0.5m,2016/04/18,11:30,曇,17.2,89.1,,10.1
今津沖中央（17B）,0.5m,2016/05/09,11:55,雨,17.3,89.0,,14.0
今津沖中央（17B）,0.5m,2016/05/23,11:10,快晴,24.7,88.9,,16.4
今津沖中央（17B）,0.5m,2016/06/06,11:45,晴,25.0,88.3,,19.4
今津沖中央（17B）,0.5m,2016/06/20,11:15,晴,28.5,88.7,,22.5
今津沖中央（17B）,0.5m,2016/07/04,11:45,曇,32.0,89.4,,25.4
今津沖中央（17B）,0.5m,2016/07/19,11:05,晴,32.9,88.1,,27.1
今津沖中央（17B）,0.5m,2016/08/01,11:40,晴,34.8,88.2,,28.0
今津沖中央（17B）,0.5m,2016/08/23,11:25,晴,33.2,87.7,,28.9
今津沖中央（17B）,0.5m,2016/09/05,11:35,曇,30.0,88.7,,27.4
今津沖中央（17B）,0.5m,2016/09/12,11:50,曇,27.9,89.0,,27.2
今津沖中央（17B）,0.5m,2016/10/03,11:25,雨,26.0,88.4,,24.6
今津沖中央（17B）,0.5m,2016/10/17,11:50,晴,24.5,88.0,,21.3
今津沖中央（17B）,0.5m,2016/10/24,13:20,快晴,20.3,87.7,,20.2
今津沖中央（17B）,0.5m,2016/11/08,11:35,曇,17.0,88.4,,17.0
今津沖中央（17B）,0.5m,2016/11/21,10:55,曇,16.7,88.4,,15.2
今津沖中央（17B）,0.5m,2016/12/05,12:00,晴,18.9,88.0,,13.9
今津沖中央（17B）,0.5m,2016/12/19,11:05,晴,11.0,88.8,,11.6
今津沖中央（17B）,0.5m,2017/01/10,11:40,晴,12.8,89.0,,10.2
今津沖中央（17B）,0.5m,2017/01/26,11:15,曇,6.2,88.8,,8.7
今津沖中央（17B）,0.5m,2017/02/08,11:55,晴,9.8,88.8,,8.2
今津沖中央（17B）,0.5m,2017/02/20,09:55,曇,8.3,88.5,,7.8
今津沖中央（17B）,0.5m,2017/03/06,11:00,曇,9.0,88.5,,8.1
今津沖中央（17B）,0.5m,2017/03/21,10:05,雨,9.2,88.6,,8.2
今津沖中央（17B）,0.5m,2017/04/10,10:55,曇,13.8,89.0,,9.8
今津沖中央（17B）,0.5m,2017/04/24,11:20,晴,17.3,89.0,,10.6
今津沖中央（17B）,0.5m,2017/05/08,11:20,快晴,19.8,88.6,,14.5
今津沖中央（17B）,0.5m,2017/05/22,11:10,快晴,24.4,89.1,,19.8
今津沖中央（17B）,0.5m,2017/06/05,11:55,快晴,22.3,88.6,,19.3
今津沖中央（17B）,0.5m,2017/06/19,10:55,快晴,24.3,87.7,,21.8
今津沖中央（17B）,0.5m,2017/07/03,11:20,晴,30.0,89.1,,24.4
今津沖中央（17B）,0.5m,2017/07/18,11:15,晴,32.5,88.3,,28.1
今津沖中央（17B）,0.5m,2017/08/01,11:25,晴,32.9,88.2,,28.6
今津沖中央（17B）,0.5m,2017/08/21,11:50,晴,31.3,88.2,,27.9
今津沖中央（17B）,0.5m,2017/09/04,11:15,晴,27.0,88.6,,24.9
今津沖中央（17B）,0.5m,2017/09/19,11:50,晴,27.7,88.8,,22.8
今津沖中央（17B）,0.5m,2017/10/02,11:55,雨,22.8,88.1,,22.1
今津沖中央（17B）,0.5m,2017/10/16,10:35,雨,17.2,88.1,,20.9
今津沖中央（17B）,0.5m,2017/11/06,10:55,晴,15.2,88.7,,15.7
今津沖中央（17B）,0.5m,2017/11/20,10:35,曇,10.0,88.9,,14.0
今津沖中央（17B）,0.5m,2017/12/04,10:55,曇,9.9,88.8,,12.8
今津沖中央（17B）,0.5m,2017/12/18,10:50,晴,7.2,88.4,,10.8
今津沖中央（17B）,0.5m,2018/01/10,11:30,晴,9.0,88.0,,9.1
今津沖中央（17B）,0.5m,2018/01/22,10:55,曇,6.5,88.8,,8.6
今津沖中央（17B）,0.5m,2018/02/05,11:05,雪,3.0,88.4,,7.8
今津沖中央（17B）,0.5m,2018/02/19,10:45,晴,8.2,89.0,,7.2
今津沖中央（17B）,0.5m,2018/03/05,11:20,雨,11.6,89.7,,7.6
今津沖中央（17B）,0.5m,2018/03/19,10:35,曇,11.9,88.9,,8.4
今津沖中央（17B）,0.5m,2018/04/09,11:15,曇,11.5,89.1,,9.8
今津沖中央（17B）,0.5m,2018/04/23,10:50,晴,24.4,88.8,,14.6
今津沖中央（17B）,0.5m,2018/05/07,11:05,雨,16.0,88.3,,14.5
今津沖中央（17B）,0.5m,2018/05/21,11:40,晴,22.4,88.5,,17.3
今津沖中央（17B）,0.5m,2018/06/06,11:15,雨,19.1,89.1,,21.4
今津沖中央（17B）,0.5m,2018/06/18,12:05,曇,25.7,88.4,,20.6
今津沖中央（17B）,0.5m,2018/07/02,11:15,曇,30.2,88.8,,24.4
今津沖中央（17B）,0.5m,2018/07/17,11:40,晴,33.5,88.5,,28.1
今津沖中央（17B）,0.5m,2018/08/06,10:45,晴,33.4,87.9,,29.4
今津沖中央（17B）,0.5m,2018/08/20,12:00,晴,31.5,88.3,,27.1
今津沖中央（17B）,0.5m,2018/09/06,11:20,曇,27.8,88.3,,23.9
今津沖中央（17B）,0.5m,2018/09/18,11:00,晴,28.3,87.9,,24.1
今津沖中央（17B）,0.5m,2018/10/02,10:55,晴,23.7,88.8,,20.9
今津沖中央（17B）,0.5m,2018/10/15,10:40,曇,19.1,88.6,,20.5
今津沖中央（17B）,0.5m,2018/11/05,11:00,曇,18.8,88.6,,18.5
今津沖中央（17B）,0.5m,2018/11/19,10:50,曇,16.0,88.6,,17.0
今津沖中央（17B）,0.5m,2018/12/03,11:05,曇,15.1,88.3,,15.2
今津沖中央（17B）,0.5m,2018/12/17,10:20,雨,10.5,88.2,,13.2
今津沖中央（17B）,0.5m,2019/01/07,11:10,晴,9.7,88.2,,10.8
今津沖中央（17B）,0.5m,2019/01/21,10:35,曇,6.2,88.4,,9.7
今津沖中央（17B）,0.5m,2019/02/05,11:15,晴,12.0,88.4,,8.8
今津沖中央（17B）,0.5m,2019/02/18,10:40,晴,9.0,88.1,,8.5
今津沖中央（17B）,0.5m,2019/03/04,11:10,雨,11.0,88.6,,8.5
今津沖中央（17B）,0.5m,2019/03/18,11:20,快晴,10.0,89.2,,8.8
今津沖中央（17B）,0.5m,2019/04/08,11:40,快晴,17.0,88.8,,10.8
今津沖中央（17B）,0.5m,2019/04/22,11:35,晴,20.8,89.4,,12.3
今津沖中央（17B）,0.5m,2019/05/08,11:25,快晴,16.4,89.0,,11.9
今津沖中央（17B）,0.5m,2019/05/21,11:30,晴,23.1,88.7,,16.2
今津沖中央（17B）,0.5m,2019/06/03,12:05,晴,28.2,88.8,,19.6
今津沖中央（17B）,0.5m,2019/06/17,11:30,晴,24.3,88.2,,20.1
今津沖中央（17B）,0.5m,2019/07/01,11:50,曇,25.0,88.2,,23.0
今津沖中央（17B）,0.5m,2019/07/16,11:25,晴,30.0,88.3,,24.3
今津沖中央（17B）,0.5m,2019/08/05,12:10,快晴,36.2,87.8,,30.0
今津沖中央（17B）,0.5m,2019/08/19,11:25,曇,31.3,88.1,,28.9
今津沖中央（17B）,0.5m,2019/09/02,12:00,曇,30.5,88.4,,27.3
今津沖中央（17B）,0.5m,2019/09/17,11:45,快晴,30.6,88.0,,26.8
今津沖中央（17B）,0.5m,2019/10/07,12:30,晴,27.8,89.0,,24.2
今津沖中央（17B）,0.5m,2019/10/21,12:00,曇,23.0,88.9,,20.4
今津沖中央（17B）,0.5m,2019/11/05,13:20,快晴,20.0,88.3,,18.7
今津沖中央（17B）,0.5m,2019/11/18,11:45,雨,19.2,88.8,,16.8
今津沖中央（17B）,0.5m,2019/12/04,11:45,曇,12.0,88.2,,14.1
今津沖中央（17B）,0.5m,2019/12/16,11:40,快晴,13.0,88.9,,12.5
今津沖中央（17B）,0.5m,2020/01/06,12:25,晴,14.2,88.5,,10.8
今津沖中央（17B）,0.5m,2020/01/20,11:25,晴,11.2,87.8,,10.2
今津沖中央（17B）,0.5m,2020/02/03,12:00,晴,11.2,89.0,,9.8
今津沖中央（17B）,0.5m,2020/02/17,10:15,晴,9.8,88.2,水温、DO％、DO、水深は2020年2月17日13時30分に測定,9.3
今津沖中央（17B）,0.5m,2020/03/02,12:10,晴,15.0,89.0,,9.6
今津沖中央（17B）,0.5m,2020/03/17,11:50,晴,14.0,88.8,,9.4
今津沖中央（17B）,0.5m,2020/04/07,12:05,晴,14.5,89.3,,10.0
今津沖中央（17B）,0.5m,2020/04/21,11:00,曇,14.2,87.8,,10.8
今津沖中央（17B）,0.5m,2020/05/11,11:10,快晴,20.0,88.6,,15.7
今津沖中央（17B）,0.5m,2020/05/25,11:40,曇,26.5,89.0,,19.5
今津沖中央（17B）,0.5m,2020/06/08,11:05,快晴,24.0,88.4,,21.4
今津沖中央（17B）,0.5m,2020/06/22,11:25,曇,26.9,88.4,,22.4
今津沖中央（17B）,0.5m,2020/07/06,11:50,雨,24.0,88.6,,23.3
今津沖中央（17B）,0.5m,2020/07/20,11:35,晴,30.2,89.2,,25.1
今津沖中央（17B）,0.5m,2020/08/03,12:00,晴,31.7,88.3,,27.0
今津沖中央（17B）,0.5m,2020/08/17,12:05,晴,32.6,87.7,,29.7
今津沖中央（17B）,0.5m,2020/09/01,12:20,晴,32.1,88.1,,29.7
今津沖中央（17B）,0.5m,2020/09/14,12:20,曇,25.5,88.0,,27.2
今津沖中央（17B）,0.5m,2020/10/06,11:40,晴,24.0,88.4,,22.9
今津沖中央（17B）,0.5m,2020/10/19,11:40,曇,19.0,87.9,,20.5
今津沖中央（17B）,0.5m,2020/11/09,12:55,雨,12.0,88.4,,16.7
今津沖中央（17B）,0.5m,2020/11/24,12:50,快晴,21.0,88.7,,15.6
今津沖中央（17B）,0.5m,2020/12/07,12:15,晴,13.0,88.7,,14.0
今津沖中央（17B）,0.5m,2020/12/21,12:00,晴,6.5,88.6,,11.7
今津沖中央（17B）,0.5m,2021/01/04,12:10,快晴,12.3,88.2,,10.1
今津沖中央（17B）,0.5m,2021/01/18,12:05,晴,8.0,88.8,,9.4
今津沖中央（17B）,0.5m,2021/02/01,12:25,曇,8.6,88.2,,8.9
今津沖中央（17B）,0.5m,2021/02/08,11:25,晴,10.7,88.0,,8.8
今津沖中央（17B）,0.5m,2021/03/11,11:30,晴,10.7,88.3,,8.7
今津沖中央（17B）,0.5m,2021/03/23,11:20,快晴,12.8,89.2,,9.0
今津沖中央（17B）,0.5m,2021/04/06,12:00,晴,16.6,90.3,,10.5
今津沖中央（17B）,0.5m,2021/04/19,11:55,晴,20.0,88.6,,11.1
今津沖中央（17B）,0.5m,2021/05/10,12:00,快晴,22.0,88.7,,15.1
今津沖中央（17B）,0.5m,2021/05/24,11:40,曇,23.0,89.5,,16.8
今津沖中央（17B）,0.5m,2021/06/07,11:45,晴,27.8,89.1,,20.3
今津沖中央（17B）,0.5m,2021/06/21,11:55,晴,27.8,88.6,,22.4
今津沖中央（17B）,0.5m,2021/07/05,12:10,曇,29.0,89.0,,24.4
今津沖中央（17B）,0.5m,2021/07/19,12:00,快晴,33.0,88.5,,27.2
今津沖中央（17B）,0.5m,2021/08/02,12:45,晴,34.8,88.2,,29.1
今津沖中央（17B）,0.5m,2021/08/16,12:10,雨,28.0,88.3,,25.5
今津沖中央（17B）,0.5m,2021/09/06,12:35,晴,30.0,88.2,,26.4
今津沖中央（17B）,0.5m,2021/09/21,12:30,曇,27.0,88.6,,24.8
今津沖中央（17B）,0.5m,2021/10/04,12:40,晴,31.5,88.4,,25.2
今津沖中央（17B）,0.5m,2021/10/18,11:50,晴,21.5,88.2,,22.0
今津沖中央（17B）,0.5m,2021/11/10,11:30,晴,18.0,87.9,,17.7
今津沖中央（17B）,0.5m,2021/11/24,10:45,晴,12.0,88.5,,15.8
今津沖中央（17B）,0.5m,2021/12/06,12:25,曇,12.0,88.1,,13.8
今津沖中央（17B）,0.5m,2021/12/20,12:00,晴,9.4,88.4,,12.0
今津沖中央（17B）,0.5m,2022/01/05,11:30,曇,6.1,88.9,,9.9
今津沖中央（17B）,0.5m,2022/01/17,11:05,晴,10.1,87.7,,9.2
今津沖中央（17B）,0.5m,2022/02/01,11:50,晴,9.1,89.2,,8.6
今津沖中央（17B）,0.5m,2022/02/14,10:30,晴,11.7,88.3,,8.0
今津沖中央（17B）,0.5m,2022/03/07,11:20,曇,8.2,88.4,,7.5
今津沖中央（17B）,0.5m,2022/03/22,10:30,雨,7.2,89.0,,8.1
今津沖中央（17B）,0.5m,2022/04/11,11:10,晴,22.8,88.6,,12.7
今津沖中央（17B）,0.5m,2022/04/25,10:45,晴,22.8,88.8,,15.0
今津沖中央（17B）,0.5m,2022/05/09,11:10,曇,14.1,88.4,,14.1
今津沖中央（17B）,0.5m,2022/05/23,11:25,快晴,25.9,88.2,,18.1
今津沖中央（17B）,0.5m,2022/06/07,11:25,曇,22.0,89.0,,19.2
今津沖中央（17B）,0.5m,2022/06/20,11:55,曇,30.2,89.7,,24.1
今津沖中央（17B）,0.5m,2022/07/04,11:10,雨,25.8,89.6,,26.6
今津沖中央（17B）,0.5m,2022/07/19,10:45,雨,25.5,88.6,,26.5
今津沖中央（17B）,0.5m,2022/08/01,11:15,快晴,33.3,88.9,,29.3
今津沖中央（17B）,0.5m,2022/08/22,12:10,曇,31.8,88.4,,28.8
今津沖中央（17B）,0.5m,2022/09/07,11:15,快晴,30.5,89.1,,27.2
今津沖中央（17B）,0.5m,2022/09/26,11:25,晴,28.0,88.9,,23.6
今津沖中央（17B）,0.5m,2022/10/03,11:10,曇,28.6,88.5,,23.8
今津沖中央（17B）,0.5m,2022/10/17,11:15,雨,21.0,88.7,,21.2
今津沖中央（17B）,0.5m,2022/11/07,11:45,快晴,18.0,88.8,,18.2
今津沖中央（17B）,0.5m,2022/11/21,11:15,晴,18.5,88.6,,16.8
今津沖中央（17B）,0.5m,2022/12/05,10:50,曇,13.0,88.6,,14.7
今津沖中央（17B）,0.5m,2022/12/20,11:50,晴,11.9,88.4,,11.8
今津沖中央（17B）,0.5m,2023/01/11,11:05,晴,9.4,87.8,,9.6
今津沖中央（17B）,0.5m,2023/01/23,10:35,晴,7.8,88.6,,9.0
今津沖中央（17B）,0.5m,2023/02/06,11:30,晴,7.7,89.0,,8.3
今津沖中央（17B）,0.5m,2023/02/22,10:35,快晴,8.0,88.7,,7.9
今津沖中央（17B）,0.5m,2023/03/07,11:45,快晴,11.6,89.4,,8.2
今津沖中央（17B）,0.5m,2023/03/20,10:35,快晴,9.3,89.1,,9.1
今津沖中央（17B）,0.5m,2023/04/10,11:25,快晴,15.8,89.3,,11.0
今津沖中央（17B）,0.5m,2023/04/25,10:45,雨,12.2,89.0,,11.6
今津沖中央（17B）,0.5m,2023/05/09,11:30,晴,19.0,89.2,,13.1
今津沖中央（17B）,0.5m,2023/05/22,10:50,晴,24.0,88.5,,18.7
今津沖中央（17B）,0.5m,2023/06/05,11:25,晴,25.0,90.0,,19.1
今津沖中央（17B）,0.5m,2023/06/19,11:45,快晴,29.2,88.1,,22.1
今津沖中央（17B）,0.5m,2023/07/03,11:15,晴,29.4,88.4,,25.5
今津沖中央（17B）,0.5m,2023/07/18,11:55,晴,33.1,88.0,,28.7
今津沖中央（17B）,0.5m,2023/08/01,11:20,晴,33.8,87.9,,29.9
今津沖中央（17B）,0.5m,2023/08/21,11:55,晴,35.0,88.6,,28.8
今津沖中央（17B）,0.5m,2023/09/04,12:15,晴,33.9,88.1,,28.7
今津沖中央（17B）,0.5m,2023/09/19,11:20,晴,31.9,88.2,,28.6
今津沖中央（17B）,0.5m,2023/10/04,10:35,曇,25.0,88.4,,24.7
今津沖中央（17B）,0.5m,2023/10/16,11:35,晴,25.0,88.9,,21.6
今津沖中央（17B）,0.5m,2023/11/08,11:20,快晴,23.3,87.7,,19.0
今津沖中央（17B）,0.5m,2023/11/21,11:25,快晴,13.8,88.3,,16.1
今津沖中央（17B）,0.5m,2023/12/04,10:50,曇,13.0,88.3,,13.8
今津沖中央（17B）,0.5m,2023/12/18,11:00,雪,7.5,88.1,,12.5
今津沖中央（17B）,0.5m,2024/01/09,11:20,曇,8.2,88.4,,10.4
今津沖中央（17B）,0.5m,2024/01/22,11:40,曇,12.1,87.9,,9.7
今津沖中央（17B）,0.5m,2024/02/05,12:00,雨,5.2,88.4,,8.8
今津沖中央（17B）,0.5m,2024/02/19,12:00,雨,11.7,88.0,,9.0
今津沖中央（17B）,0.5m,2024/03/11,12:15,晴,9.8,90.5,,9.3
今津沖中央（17B）,0.5m,2024/03/19,11:10,晴,10.7,89.0,,8.5
今津沖中央（17B）,0.5m,2024/04/08,11:45,曇,17.0,89.3,,10.8
今津沖中央（17B）,0.5m,2024/04/22,11:05,曇,18.3,88.8,,12.8
今津沖中央（17B）,0.5m,2024/05/07,12:15,曇,19.9,88.7,,15.7
今津沖中央（17B）,0.5m,2024/05/20,12:00,晴,22.6,89.1,,17.7
今津沖中央（17B）,0.5m,2024/06/03,12:10,晴,25.0,88.7,,17.8
今津沖中央（17B）,0.5m,2024/06/17,12:50,曇,27.0,88.2,,23.8
今津沖中央（17B）,0.5m,2024/07/01,12:15,雨,25.0,89.1,,23.8
今津沖中央（17B）,0.5m,2024/07/16,12:20,晴,29.9,87.9,,26.7
今津沖中央（17B）,0.5m,2024/08/05,12:25,晴,36.8,88.7,,31.1
今津沖中央（17B）,0.5m,2024/08/20,12:00,曇,30.0,86.4,,29.1
今津沖中央（17B）,0.5m,2024/09/03,11:50,曇,33.0,87.8,,27.6
今津沖中央（17B）,0.5m,2024/09/17,12:10,晴,33.2,88.4,,30.0
今津沖中央（17B）,0.5m,2024/10/01,12:00,晴,29.9,89.6,,27.1
今津沖中央（17B）,0.5m,2024/10/15,12:00,曇,23.0,89.2,,23.8
今津沖中央（17B）,0.5m,2024/11/05,12:15,晴,22.5,87.4,,19.6
今津沖中央（17B）,0.5m,2024/11/20,12:00,曇,16.3,87.6,,16.9
今津沖中央（17B）,0.5m,2024/12/02,12:05,快晴,16.4,90.2,,14.6
今津沖中央（17B）,0.5m,2024/12/16,11:45,晴,11.6,89.1,,12.3
今津沖中央（17B）,0.5m,2025/01/06,12:10,雨,7.6,88.9,,9.9
今津沖中央（17B）,0.5m,2025/01/20,11:30,晴,13.2,90.7,,9.1
今津沖中央（17B）,0.5m,2025/02/03,11:25,晴,9.5,90.4,,9.1
今津沖中央（17B）,0.5m,2025/02/20,09:30,晴,6.7,90.4,,7.5
今津沖中央（17B）,0.5m,2025/03/10,11:20,快晴,11.1,91.0,,7.6
今津沖中央（17B）,0.5m,2025/03/18,11:10,晴,10.9,90.8,,7.9
今津沖中央（17B）,0.5m,2025/04/07,11:30,晴,18.5,89.8,,8.8
今津沖中央（17B）,0.5m,2025/04/21,11:15,快晴,19.8,89.6,,12.1
今津沖中央（17B）,0.5m,2025/05/12,11:35,晴,21.0,89.4,,15.2
今津沖中央（17B）,0.5m,2025/05/30,09:55,晴,22.3,90.2,5/26欠測項目の再調査,18.8
今津沖中央（17B）,0.5m,2025/06/09,11:45,曇,26.2,88.3,,20.6
今津沖中央（17B）,0.5m,2025/06/23,12:00,雨,25.0,88.1,,23.6
今津沖中央（17B）,0.5m,2025/07/07,11:40,快晴,34.2,88.6,,27.9
今津沖中央（17B）,0.5m,2025/07/22,12:10,快晴,34.5,87.6,,28.2
今津沖中央（17B）,0.5m,2025/08/04,11:50,晴,35.0,87.8,,30.6
今津沖中央（17B）,0.5m,2025/08/18,11:55,晴,34.1,88.8,,30.2
今津沖中央（17B）,0.5m,2025/09/01,11:40,晴,34.0,87.4,,30.4
今津沖中央（17B）,0.5m,2025/09/16,11:10,快晴,32.4,90.7,,29.7
